Function,HC,HCRR,SA
Sphere-lb:-5.12-up:5.12,0.21189449398209967,3.035039972825321,200.1767585912712
