Function,HC,HCRR,SA
Sphere-lb:-5.12-up:5.12,0.028283914433192024,1.17813394686132,33.97200857352742
