Problem                ,Average Fitness HC    ,Average Fitness HCRR ,Average Fitness SA   ,Average Fitness GRASP
01-easy5 19.0          ,   19.903225806451612 ,   19.0              ,   19.0              ,   19.193548387096776
02-ulysses16 407.82547 ,  469.10692741935486  ,  425.38124193548373 ,  412.89218387096764 ,  419.1804751612903
03-fri26 937.0         , 1287.4193548387098   , 1138.1290322580646  , 1120.6451612903227  , 1126.9032258064517
04-dantzig42 699.0     , 1545.2903225806451   , 1259.4516129032259  , 1118.032258064516   , 1227.6451612903227
05-att48 33551.0       ,67436.03225806452     ,58300.709677419356   ,62159.06451612903    ,56977.41935483871
