Problem                ,Average Fitness   ,Standard Deviation ,Best Fitness ,Worst Fitness ,Execution Time
02-ulysses16 407.82547 ,418.4475180645161 , 8.663341354520476 ,   401.16745 ,    439.96804 ,0.18614401355866464
