Problem,Average Fitness,Standard Deviation,Best Fitness,Worst Fitness,Execution Time
01-easy5 19.0,19.0,0.0,19.0,19.0,0.015482848690402123
02-ulysses16 407.82547,409.62475290322584,7.21314042898242,395.55735999999996,424.77574999999996,0.12436248410132623
03-fri26 937.0,1041.4516129032259,25.536613448748472,984.0,1089.0,0.20942766435684695
04-dantzig42 699.0,986.258064516129,42.44614632907664,910.0,1048.0,0.3275046886936311
05-att48 33551.0,48359.903225806454,1688.2630003576726,44398.0,52085.0,0.3877906568588749
