Problem,Average Fitness,Standard Deviation,Best Fitness,Worst Fitness,Execution Time
01-easy5 19.0,19.0,0.0,19.0,19.0,0.014249447853334488
02-ulysses16 407.82547,404.89845612903224,3.7553539153773263,395.55735999999996,410.45922999999993,0.7636176770733248
03-fri26 937.0,1121.483870967742,20.65518909689553,1058.0,1163.0,2.3672752457280315
04-dantzig42 699.0,1187.9354838709678,29.26843007336432,1122.0,1247.0,3.8603108852140364
05-att48 33551.0,56840.8064516129,1525.2181529708873,53416.0,59449.0,4.863383962262061
