Problem,Average Fitness,Standard Deviation,Best Fitness,Worst Fitness,Execution Time
01-easy5 19.0,19.0,0.0,19.0,19.0,0.014310844482914094
02-ulysses16 407.82547,404.89845612903224,3.7553539153773263,395.55735999999996,410.45922999999993,0.7669708574971845
03-fri26 937.0,1121.483870967742,20.65518909689553,1058.0,1163.0,2.3486686983416156
04-dantzig42 699.0,1190.032258064516,29.73157751201166,1122.0,1247.0,3.826393642733174
05-att48 33551.0,56840.8064516129,1525.2181529708873,53416.0,59449.0,4.792335694836032
