Problem,Average Fitness,Standard Deviation,Best Fitness,Worst Fitness,Execution Time
02-ulysses16 407.82547,447.3029200000001,13.322825869024744,417.40263,483.17481,0.24309624395062845
