Problem,Average Fitness,Standard Deviation,Best Fitness,Worst Fitness,Execution Time
01-easy5 19.0,19.0,0.0,19.0,19.0,0.13198621811405306
02-ulysses16 407.82547,406.8048232258065,5.498939995484379,395.55736,416.47156999999993,0.990312930076353
03-fri26 937.0,1070.4516129032259,26.742305145505263,1004.0,1115.0,1.8204840767768122
04-dantzig42 699.0,1154.032258064516,47.308516501902936,1032.0,1238.0,1.998623409578877
05-att48 33551.0,53721.3870967742,1702.7928420859987,49193.0,56721.0,2.194360448468116
