Problem,Average Fitness,Standard Deviation,Best Fitness,Worst Fitness,Execution Time
02-ulysses16 407.82547,444.23248741935475,10.749266303280951,410.45923,466.24163999999996,0.5291160844987438
