Problem,Average Fitness,Standard Deviation,Best Fitness,Worst Fitness,Execution Time
01-easy5 19.0,19.0,0.0,19.0,19.0,0.001245291002335087
02-ulysses16 407.82547,407.239445483871,4.243922896346547,399.02128,416.12007,0.45956738533512237
03-fri26 937.0,1130.1290322580646,27.522122404424422,1074.0,1183.0,1.296516264638593
04-dantzig42 699.0,1161.774193548387,39.58307692926796,1092.0,1242.0,2.961554765701294
05-att48 33551.0,57466.25806451613,1536.2881737348446,54124.0,60995.0,3.942741101787936
