Problem,Average Fitness,Standard Deviation,Best Fitness,Worst Fitness,Execution Time
02-ulysses16 407.82547,419.1804751612903,7.324540008447896,405.91896,437.18428,0.30317055025408346
