Problem,Average Fitness,Standard Deviation,Best Fitness,Worst Fitness,Execution Time
01-easy5 19.0,19.129032258064516,0.4913402003783166,19.0,21.0,0.028070372919882496
02-ulysses16 407.82547,412.28982870967747,9.575506154647998,395.55735999999996,432.46673000000004,0.1468543621801561
03-fri26 937.0,1010.3225806451613,26.05872660069843,966.0,1063.0,0.1948362934973932
04-dantzig42 699.0,867.2258064516129,49.36154287167508,756.0,970.0,0.2879183292388916
05-att48 33551.0,43232.1935483871,1753.3727391912485,39470.0,46230.0,0.3295745849609375
