Problem,Average Fitness,Standard Deviation,Best Fitness,Worst Fitness,Execution Time
01-easy5 19.0,19.0,0.0,19.0,19.0,0.0033192096217986074
02-ulysses16 407.82547,418.45996290322586,3.650468990768524,414.1268,426.60972000000004,2.4706468889790196
03-fri26 937.0,1278.032258064516,23.561154294205075,1240.0,1324.0,4.001215081061086
04-dantzig42 699.0,1361.3870967741937,40.33862906442269,1265.0,1426.0,7.903621542838312
05-att48 33551.0,65735.51612903226,1945.078452202822,61063.0,70201.0,9.887914188446537
