Problem,Average Fitness,Standard Deviation,Best Fitness,Worst Fitness,Execution Time
02-ulysses16 407.82547,629.7317687096772,56.50380880349896,523.0182299999999,792.35283,0.04701488248763546
