Problem,Average Fitness,Standard Deviation,Best Fitness,Worst Fitness,Execution Time
01-easy5 19.0,20.096774193548388,1.227503070350997,19.0,23.0,0.0038743172922442036
02-ulysses16 407.82547,428.6683151612903,17.457564515840904,395.55735999999996,485.6055399999999,0.005267681614045174
03-fri26 937.0,1174.516129032258,81.18869735723068,1035.0,1427.0,0.006558210619034306
04-dantzig42 699.0,1186.3870967741937,107.87019601514348,1002.0,1445.0,0.008642173582507719
05-att48 33551.0,58547.3870967742,3049.4577167563943,52038.0,65024.0,0.009470462799072266
