Problem,Average Fitness,Standard Deviation,Best Fitness,Worst Fitness,Execution Time
02-ulysses16 407.82547,642.7882367741936,40.602439850122025,549.74027,729.3862900000001,0.22292743190642325
