Problem,Average Fitness,Standard Deviation,Best Fitness,Worst Fitness,Execution Time
02-ulysses16 407.82547,469.10692741935486,33.30248777740959,395.5573599999999,563.2928399999998,0.29580433137955203
