Problem,Average Fitness,Standard Deviation,Best Fitness,Worst Fitness,Execution Time
02-ulysses16 407.82547,426.7862170967742,14.241481001266237,395.55735999999996,464.23651,0.1353601178815288
