Problem,Average Fitness,Standard Deviation,Best Fitness,Worst Fitness,Execution Time
01-easy5 19.0,20.096774193548388,1.227503070350997,19.0,23.0,0.05930885960978846
02-ulysses16 407.82547,426.7862170967742,14.241481001266237,395.55735999999996,464.23651,0.1501663500262845
03-fri26 937.0,1049.8064516129032,60.678645526188376,937.0,1192.0,0.1773630572903541
04-dantzig42 699.0,798.6451612903226,42.15374960331698,731.0,907.0,0.22073919542374149
05-att48 33551.0,38057.77419354839,2249.2844985601664,34574.0,43322.0,0.23927154079560312
