Problem,Average Fitness,Standard Deviation,Best Fitness,Worst Fitness,Execution Time
01-easy5 19.0,19.0,0.0,19.0,19.0,0.0043667747128394345
02-ulysses16 407.82547,424.83184677419365,9.706225882754543,404.12836999999996,442.27414000000005,0.14723593957962527
03-fri26 937.0,1342.8064516129032,62.242719151792755,1167.0,1448.0,0.17475768058530747
04-dantzig42 699.0,1656.6129032258063,83.95301198053312,1453.0,1820.0,0.21245276543401903
05-att48 33551.0,84876.0,3343.511945399965,73819.0,92564.0,0.22581609602897398
