Problem,Average Fitness,Standard Deviation,Best Fitness,Worst Fitness,Execution Time
01-easy5 19.0,19.0,0.0,19.0,19.0,0.007206078498594223
02-ulysses16 407.82547,403.1450635483872,3.7388603831291536,395.5573599999999,407.82547,0.1298924953706803
03-fri26 937.0,965.0645161290323,17.39472571874547,937.0,1004.0,0.6314815936550018
04-dantzig42 699.0,830.7741935483871,25.471944943179064,766.0,873.0,0.8763943949053364
05-att48 33551.0,41309.54838709677,1012.973038481749,39016.0,44115.0,0.9602058933627221
