Problem,Average Fitness,Standard Deviation,Best Fitness,Worst Fitness,Execution Time
01-easy5 19.0,19.0,0.0,19.0,19.0,0.000707741706602035
02-ulysses16 407.82547,525.5271883870968,18.21231322268024,484.75268,558.06474,0.16582668212152296
03-fri26 937.0,1864.0645161290322,58.731172952519614,1752.0,2003.0,0.191251439432944
04-dantzig42 699.0,2284.548387096774,58.48398661981697,2158.0,2389.0,0.24338665316181798
05-att48 33551.0,116853.41935483871,2918.6459053670274,110040.0,121952.0,0.27605256726664884
