Problem,Average Fitness,Standard Deviation,Best Fitness,Worst Fitness,Execution Time
01-easy5 19.0,19.0,0.0,19.0,19.0,0.0038274718869116997
02-ulysses16 407.82547,409.2662483870967,5.552337655455961,395.55736,419.85076,1.1409066646329817
03-fri26 937.0,1264.1612903225807,46.37302940718435,1119.0,1344.0,1.8499553203582764
04-dantzig42 699.0,1529.6451612903227,44.527301075890705,1437.0,1616.0,2.3501379259171022
05-att48 33551.0,77688.64516129032,2537.7495561172623,72903.0,81914.0,2.544497366874449
