Problem,Average Fitness,Standard Deviation,Best Fitness,Worst Fitness,Execution Time
01-easy5 19.0,19.0,0.0,19.0,19.0,0.001191977531679215
02-ulysses16 407.82547,409.2662483870967,5.552337655455961,395.55736,419.85076,0.3956462106397075
03-fri26 937.0,1264.1612903225807,46.37302940718435,1119.0,1344.0,0.6718169489214497
04-dantzig42 699.0,1529.6451612903227,44.527301075890705,1437.0,1616.0,0.8850644788434429
05-att48 33551.0,77688.64516129032,2537.7495561172623,72903.0,81914.0,0.9708885608180877
