Problem,Average Fitness,Standard Deviation,Best Fitness,Worst Fitness,Execution Time
01-easy5 19.0,19.129032258064516,0.49134020037831666,19.0,21.0,0.035694845261112336
02-ulysses16 407.82547,415.2160990322581,9.41674401480352,395.55735999999996,432.16875,0.14924275490545458
03-fri26 937.0,1010.5483870967741,33.13105814077745,937.0,1079.0,0.21189911134781375
04-dantzig42 699.0,840.6129032258065,42.52413160771933,773.0,942.0,0.22355175018310547
05-att48 33551.0,41019.1935483871,1903.8985033152685,36184.0,47151.0,0.25142382806347263
