Problem,Average Fitness,Standard Deviation,Best Fitness,Worst Fitness,Execution Time
01-easy5 19.0,19.0,0.0,19.0,19.0,0.003079629713489163
02-ulysses16 407.82547,406.40830322580643,5.147150919136728,395.55735999999996,414.04378999999994,1.0832909922445975
03-fri26 937.0,1184.4193548387098,30.883521228233267,1107.0,1247.0,1.7879069159107823
04-dantzig42 699.0,1425.8387096774193,48.072590791758266,1346.0,1514.0,1.8095711585014098
05-att48 33551.0,70075.64516129032,2281.762936831068,63917.0,73913.0,1.902558272884738
