Problem,Average Fitness,Standard Deviation,Best Fitness,Worst Fitness,Execution Time
01-easy5 19.0,19.0,0.0,19.0,19.0,0.025230200059952274
02-ulysses16 407.82547,412.49030096774203,7.864564478791369,395.55735999999996,432.24114000000003,0.13629367274622764
03-fri26 937.0,1016.9354838709677,35.05565665446229,937.0,1098.0,0.191112672128985
04-dantzig42 699.0,898.1612903225806,44.34767097509984,824.0,983.0,0.22113093253104918
05-att48 33551.0,44308.354838709674,1649.976022277139,40356.0,46989.0,0.24108123010204685
