Problem,Average Fitness,Standard Deviation,Best Fitness,Worst Fitness,Execution Time
02-ulysses16 407.82547,425.38124193548373,15.421681201793929,395.5573599999999,461.10423999999995,0.28858342478352206
