Problem,Average Fitness,Standard Deviation,Best Fitness,Worst Fitness,Execution Time
02-ulysses16 407.82547,424.9258906451612,10.598673321619371,404.99548999999996,443.60263000000003,0.1420510507399036
