Problem,Average Fitness,Standard Deviation,Best Fitness,Worst Fitness,Execution Time
01-easy5 19.0,19.0,0.0,19.0,19.0,0.01828459770448746
02-ulysses16 407.82547,403.6439296774194,4.025963938451615,395.5573599999999,410.5099799999999,0.20837806886242283
03-fri26 937.0,963.0322580645161,15.771521641907118,937.0,996.0,0.6185930851967104
04-dantzig42 699.0,766.5483870967741,17.708825409906304,712.0,795.0,0.8717162070735809
05-att48 33551.0,37489.06451612903,683.8845372969023,36136.0,39306.0,0.9579550143211119
