Problem,Average Fitness,Standard Deviation,Best Fitness,Worst Fitness,Execution Time
02-ulysses16 407.82547,517.306265483871,28.43547298145805,443.72986999999995,573.36906,0.22453396551070676
