Problem,Average Fitness,Standard Deviation,Best Fitness,Worst Fitness,Execution Time
01-easy5 19.0,19.0,0.0,19.0,19.0,0.017142026655135617
02-ulysses16 407.82547,409.6472667741936,7.637143775711336,395.55735999999996,422.77948,0.11521737806258663
03-fri26 937.0,1047.967741935484,33.83401978632076,979.0,1105.0,0.18033992859625048
04-dantzig42 699.0,1046.5806451612902,50.86083111313902,918.0,1125.0,0.21972931585004252
05-att48 33551.0,52871.83870967742,2134.6652845847375,49184.0,57303.0,0.23685216134594334
