Problem,Average Fitness,Standard Deviation,Best Fitness,Worst Fitness,Execution Time
01-easy5 19.0,19.0,0.0,19.0,19.0,0.004707882481236611
02-ulysses16 407.82547,402.3537425806452,4.15897002653687,395.55735999999996,407.82547,0.06208529779987951
03-fri26 937.0,994.483870967742,23.19464755796452,954.0,1045.0,0.6597820328127953
04-dantzig42 699.0,971.1612903225806,28.04385594741893,917.0,1020.0,0.875859998887585
05-att48 33551.0,49260.83870967742,1577.0051055775596,45551.0,52311.0,0.9605519463939052
