Problem,Average Fitness,Standard Deviation,Best Fitness,Worst Fitness,Execution Time
01-easy5 19.0,19.0,0.0,19.0,19.0,0.004206572809526997
02-ulysses16 407.82547,572.3657341935483,33.01375558907613,499.95760000000007,626.3180600000002,0.005936368819205991
03-fri26 937.0,2033.0,81.85234542524059,1824.0,2178.0,0.007352175251130135
04-dantzig42 699.0,2438.1935483870966,83.5033008251726,2256.0,2581.0,0.009710127307522682
05-att48 33551.0,124148.67741935483,4560.333019723497,114475.0,133494.0,0.010592906705794795
