Problem,Average Fitness,Standard Deviation,Best Fitness,Worst Fitness,Execution Time
01-easy5 19.0,19.0,0.0,19.0,19.0,0.006443077518093971
02-ulysses16 407.82547,418.1336629032257,8.642957336659942,395.55735999999996,432.62075999999996,0.29357447931843417
03-fri26 937.0,1258.967741935484,47.11036039122889,1142.0,1334.0,0.3293048950933641
04-dantzig42 699.0,1540.1935483870968,56.9869364514239,1370.0,1630.0,0.33144520175072456
05-att48 33551.0,76316.90322580645,3153.5767952497968,63917.0,81473.0,0.3455082524207331
