Problem,Average Fitness,Standard Deviation,Best Fitness,Worst Fitness,Execution Time
01-easy5 19.0,19.0,0.0,19.0,19.0,0.0030913506784746724
02-ulysses16 407.82547,406.5276583870968,5.284232208255822,395.55735999999996,414.30828999999994,1.0792069742756505
03-fri26 937.0,1184.4193548387098,30.883521228233267,1107.0,1247.0,1.754619829116329
04-dantzig42 699.0,1425.8387096774193,48.072590791758266,1346.0,1514.0,1.7968709468841553
05-att48 33551.0,70075.64516129032,2281.762936831068,63917.0,73913.0,1.876563141422887
