Problem,Average Fitness,Standard Deviation,Best Fitness,Worst Fitness,Execution Time
02-ulysses16 407.82547,557.9561561290323,22.418871950369013,511.95830000000007,611.3793599999999,0.059717878218620055
