Problem,Average Fitness,Standard Deviation,Best Fitness,Worst Fitness,Execution Time
02-ulysses16 407.82547,429.27151774193555,12.61411059143962,405.68314999999996,463.1314500000001,0.16958502800233902
