Problem,Average Fitness,Standard Deviation,Best Fitness,Worst Fitness,Execution Time
01-easy5 19.0,20.032258064516128,1.2308892921508976,19.0,23.0,0.7489195562178089
02-ulysses16 407.82547,420.1071674193548,11.289550512329754,401.16745000000003,446.1841,1.917918582116404
03-fri26 937.0,1013.4193548387096,42.229613668035235,937.0,1111.0,2.3364581523403043
04-dantzig42 699.0,780.6774193548387,34.70464047875479,706.0,863.0,2.885494755160424
05-att48 33551.0,36633.25806451613,1751.1339545994451,34285.0,41597.0,2.9323784535931003
