Problem,Average Fitness,Standard Deviation,Best Fitness,Worst Fitness,Execution Time
02-ulysses16 407.82547,412.89218387096764,8.469724064072382,395.55736,434.40059999999994,0.32847252968818913
