Problem,Average Fitness,Standard Deviation,Best Fitness,Worst Fitness,Execution Time
01-easy5 19.0,20.032258064516128,1.2308892921508976,19.0,23.0,0.21315460820351878
02-ulysses16 407.82547,420.1071674193548,11.289550512329754,401.16745000000003,446.1841,0.6122739545760616
03-fri26 937.0,1013.4193548387096,42.229613668035235,937.0,1111.0,0.7443861884455527
04-dantzig42 699.0,780.6774193548387,34.70464047875479,706.0,863.0,0.9528329680042882
05-att48 33551.0,36633.25806451613,1751.1339545994451,34285.0,41597.0,1.0222386083295267
