Problem,Average Fitness,Standard Deviation,Best Fitness,Worst Fitness,Execution Time
01-easy5 19.0,19.0,0.0,19.0,19.0,0.001423405062767767
02-ulysses16 407.82547,412.89218387096764,8.469724064072382,395.55736,434.40059999999994,0.3215555298712946
03-fri26 937.0,1120.6451612903227,37.65681053690946,1062.0,1219.0,0.35621730742915986
04-dantzig42 699.0,1118.032258064516,69.14056923583998,989.0,1304.0,0.3570477116492487
05-att48 33551.0,62159.06451612903,5055.445278467527,49346.0,70784.0,0.3669809602922009
