Problem,Average Fitness,Standard Deviation,Best Fitness,Worst Fitness,Execution Time
01-easy5 19.0,20.032258064516128,1.2308892921508976,19.0,23.0,0.004992869592482044
02-ulysses16 407.82547,495.69270000000006,36.311308352753535,405.91895999999997,557.2094,0.006483385639805947
03-fri26 937.0,1356.2903225806451,100.35105912564089,1169.0,1534.0,0.007799279305242723
04-dantzig42 699.0,1634.6129032258063,120.3504767454687,1334.0,1910.0,0.009913590646559192
05-att48 33551.0,60271.74193548387,4526.341041473265,48699.0,67435.0,0.010592560614309004
