Problem,Average Fitness,Standard Deviation,Best Fitness,Worst Fitness,Execution Time
01-easy5 19.0,20.032258064516128,1.2308892921508976,19.0,23.0,0.07320037964851625
02-ulysses16 407.82547,429.27151774193555,12.61411059143962,405.68314999999996,463.1314500000001,0.19478997107475035
03-fri26 937.0,1087.5806451612902,55.81870087457878,983.0,1202.0,0.2147762313965828
04-dantzig42 699.0,1007.0967741935484,67.19608035741834,916.0,1237.0,0.2559480820932696
05-att48 33551.0,38041.967741935485,2081.395739585788,35153.0,44318.0,0.2663529688312161
