Problem,Average Fitness,Standard Deviation,Best Fitness,Worst Fitness,Execution Time
02-ulysses16 407.82547,621.0394312903225,57.58688296221831,507.9809399999999,746.9498199999998,0.05116139688799458
