Problem,Average Fitness,Standard Deviation,Best Fitness,Worst Fitness,Execution Time
02-ulysses16 407.82547,649.521199032258,49.13721134020957,521.32896,745.7070100000001,0.23794620267806516
