Problem,Average Fitness,Standard Deviation,Best Fitness,Worst Fitness,Execution Time
01-easy5 19.0,19.0,0.0,19.0,19.0,0.0005781496724774761
02-ulysses16 407.82547,403.40480129032255,4.750644601623421,395.55735999999996,413.7523999999999,1.3016864638174734
03-fri26 937.0,1044.774193548387,31.67751790274402,955.0,1095.0,1.8642483295932892
04-dantzig42 699.0,986.9032258064516,54.599630649057765,903.0,1102.0,1.8900058577137608
05-att48 33551.0,60605.58064516129,5452.080223146519,49028.0,75792.0,2.0157739962300947
