Problem,Average Fitness HC,Average Fitness HCRR,Average Fitness SA,Average Fitness GRASP
Sphere-lb:-5.12-up:5.12,0.698207462724265,3.1757781406369467,234.94417184659974,2.652781186324168
Step-lb:-5.12-up:5.12,28.225806451612904,43.32258064516129,234.5483870967742,41.32258064516129
Schwefel-1.2-lb:-100-up:100,568.6739546667458,25102.12312481478,900.0394454149576,23916.9685656627
Ackley-lb:-32.768-up:32.768,19.531777202089277,17.87178787896398,20.484012298993864,15.447072644353058
Griewank-lb:-600-up:600,0.9288699639320237,372.6196672988454,20.140524645035907,281.52414496237293
Rastrigin-lb:-5.12-up:5.12,427.5997913332322,417.3750886230493,633.5825606354133,381.8740430315932
