Problem                     ,Average Fitness HC       ,Average Fitness HCRR  ,Average Fitness SA     ,Average Fitness GRASP
Sphere-lb:-5.12-up:5.12     ,     0.21189449398209967 ,   251.26711988566427 ,   200.1767585912712   ,   205.52248732865633
Step-lb:-5.12-up:5.12       ,   401.3225806451613     ,   294.4516129032258  ,   245.70967741935485  ,   248.96774193548387
Schwefel-1.2-lb:-100-up:100 ,258092.43599613462       ,317166.18992311385    ,255378.11132631422     ,291239.1122742254
Ackley-lb:-32.768-up:32.768 ,    19.738158914598486   ,    20.13868597661102 ,    20.819909513772156 ,    19.94713467486105
Griewank-lb:-600-up:600     ,  1333.9691541130237     ,  1098.6362044437979  ,  1464.7465018043501   ,   927.7758683991709
Rastrigin-lb:-5.12-up:5.12  ,   465.8974858839491     ,   526.0429523358188  ,   453.92905230185306  ,   482.234484804456
