Problem                     ,Average Fitness HC    ,Average Fitness HCRR   ,Average Fitness SA   ,Average Fitness GRASP
Sphere-lb:-5.12-up:5.12     ,  0.13585666726014892 ,   213.31116340719623  ,  14.216550761308367 ,   135.36584266891862
Step-lb:-5.12-up:5.12       ,379.6666666666667     ,   258.0               ,  81.0               ,   190.33333333333334
Schwefel-1.2-lb:-100-up:100 ,  3.082598192637047   ,190061.43153479835     ,2042.4869822894755   ,138945.02858907115
Ackley-lb:-32.768-up:32.768 , 19.574668382238713   ,    19.932049547297655 ,  20.65105484736868  ,    18.933873625831897
Griewank-lb:-600-up:600     ,366.66631577715975    ,   982.3118602939571   ,1380.2949572765083   ,   950.9135159366065
Rastrigin-lb:-5.12-up:5.12  ,440.7979847564627     ,   462.269305344252    , 277.22804148888775  ,   190.33333333333334
