Problem,Average Fitness HC,Average Fitness HCRR,Average Fitness SA,Average Fitness GRASP
Sphere-lb:-5.12-up:5.12,0.698207462724265,100.70730122459956,234.94417184659974,96.79815367007163
Step-lb:-5.12-up:5.12,28.225806451612904,137.41935483870967,234.5483870967742,127.96774193548387
Schwefel-1.2-lb:-100-up:100,568.6739546667458,88810.11230443144,900.0394454149576,88712.7828242194
Ackley-lb:-32.768-up:32.768,19.531777202089277,20.127736880633968,20.484012298993864,19.785982510032085
Griewank-lb:-600-up:600,0.9288699639320237,913.476109926119,20.140524645035907,775.918007372852
Rastrigin-lb:-5.12-up:5.12,427.5997913332322,556.3064267507918,633.5825606354133,511.06634883634473
