Problem,Average Fitness HC,Average Fitness HCRR,Average Fitness SA,Average Fitness GRASP
Sphere-lb:-5.12-up:5.12,0.698207462724265,3.0890502272088525,234.94417184659974,2.62777314727351
Step-lb:-5.12-up:5.12,28.225806451612904,42.806451612903224,234.5483870967742,43.70967741935484
Schwefel-1.2-lb:-100-up:100,568.6739546667458,25063.11588773881,900.0394454149576,24132.552243043057
Ackley-lb:-32.768-up:32.768,19.531777202089277,17.705241865111567,20.484012298993864,14.619168428571522
Griewank-lb:-600-up:600,0.9288699639320237,372.03102623754023,20.140524645035907,294.7406536836828
Rastrigin-lb:-5.12-up:5.12,427.5997913332322,418.3874040980492,633.5825606354133,382.5689447505386
