Problem                     ,Average Fitness HC       ,Average Fitness HCRR  ,Average Fitness SA     ,Average Fitness GRASP
Sphere-lb:-5.12-up:5.12     ,     0.08363760647316826 ,   255.18736845113665 ,   284.31232060392466  ,   217.18429113762917
Step-lb:-5.12-up:5.12       ,   401.51612903225805    ,   300.4193548387097  ,   292.1290322580645   ,   257.0
Schwefel-1.2-lb:-100-up:100 ,483884.9112346602        ,306704.098855151      ,475123.1924286222      ,298632.90928696794
Ackley-lb:-32.768-up:32.768 ,    19.608319133576245   ,    20.08583478847273 ,    20.831878183162694 ,    19.907510500011323
Griewank-lb:-600-up:600     ,  1367.3476776279495     ,  1088.416707378264   ,  1465.887032971756    ,   933.03364771054
Rastrigin-lb:-5.12-up:5.12  ,   441.6391174075598     ,   516.4341623841771  ,   436.8961068223913   ,   476.96632920447104
