Problem,Average Fitness HC,Average Fitness HCRR,Average Fitness SA,Average Fitness GRASP
Sphere-lb:-5.12-up:5.12,0.698207462724265,101.69756401242738,234.94417184659974,94.31928959128672
Step-lb:-5.12-up:5.12,28.225806451612904,132.06451612903226,234.5483870967742,126.87096774193549
Schwefel-1.2-lb:-100-up:100,568.6739546667458,89194.14719722081,900.0394454149576,87653.06917128156
Ackley-lb:-32.768-up:32.768,19.531777202089277,20.108825945894544,20.484012298993864,19.852186363714956
Griewank-lb:-600-up:600,0.9288699639320237,914.2173917770024,20.140524645035907,761.0953186846793
Rastrigin-lb:-5.12-up:5.12,427.5997913332322,556.5072194539817,633.5825606354133,506.8420057455886
