Problem,Average Fitness,Standard Deviation,Best Fitness,Worst Fitness,Execution Time
Sphere-lb:-5.12-up:5.12,2.652781186324168,0.48064728370690707,1.729437219901224,3.4462619195447948,0.3621052388221987
Step-lb:-5.12-up:5.12,41.32258064516129,6.571625697497727,31.0,58.0,0.4047292893932712
Schwefel-1.2-lb:-100-up:100,23916.9685656627,2872.203401444583,14905.706686089641,28434.342074119024,3.912861539471534
Ackley-lb:-32.768-up:32.768,15.447072644353058,2.4368465684613954,10.941048009009052,19.61369587617991,0.47309233296302056
Griewank-lb:-600-up:600,281.52414496237293,57.010304775293704,121.44119312781376,407.23196675421855,0.5641658152303388
Rastrigin-lb:-5.12-up:5.12,381.8740430315932,46.67312129272921,273.56410774863457,444.6212607463658,0.4799624719927388
