Problem,Average Fitness,Standard Deviation,Best Fitness,Worst Fitness,Execution Time
Sphere-lb:-5.12-up:5.12,2.6863204125539926,0.5805762264998992,1.506134672803052,4.219276578614773,0.3466580683185208
Step-lb:-5.12-up:5.12,43.483870967741936,6.4200842509894125,29.0,54.0,0.386382318312122
Schwefel-1.2-lb:-100-up:100,23935.50426910101,2371.3015353197816,18878.96944180465,27063.898109871378,3.777305741463938
Ackley-lb:-32.768-up:32.768,14.927732786654168,2.4119674517667873,12.27039040238129,19.649305535053408,0.45101437261027677
Griewank-lb:-600-up:600,294.91870593076044,53.30517755879729,159.58532352988422,390.10770325819647,0.5396551778239589
Rastrigin-lb:-5.12-up:5.12,381.1885641159241,41.14941589628918,297.8771229713425,486.7534309971087,0.46441968025699737
