Problem                     ,Average Fitness       ,Standard Deviation     ,Best Fitness          ,Worst Fitness         ,Execution Time
Sphere-lb:-5.12-up:5.12     ,   96.79815367007163  ,    8.437678126693783  ,   81.85896694802757  ,   115.40341553174426 , 0.3747946600760183
Step-lb:-5.12-up:5.12       ,  127.96774193548387  ,   12.54021626342236   ,   96.0               ,   146.0              , 0.4161452939433436
Schwefel-1.2-lb:-100-up:100 ,88712.7828242194      ,10950.005092370386     ,64573.80064727534     ,104333.53895644435    ,48.48291627053292
Ackley-lb:-32.768-up:32.768 ,   19.785982510032085 ,    0.2307330496027685 ,   19.272391583151048 ,    20.18519307576599 , 0.4804348022707047
Griewank-lb:-600-up:600     ,  775.918007372852    ,   64.95205736361721   ,  569.3473946172676   ,   901.6347900173054  , 0.5579264625426261
Rastrigin-lb:-5.12-up:5.12  ,  511.06634883634473  ,   31.275972454240826  ,  434.13515452789267  ,   558.6791629233029  , 0.4857050372708228
