Problem,Average Fitness,Standard Deviation,Best Fitness,Worst Fitness,Execution Time
Sphere-lb:-5.12-up:5.12,91.25434402505411,9.718537603319257,66.77186347941404,110.68963133336243,0.33477011034565585
Step-lb:-5.12-up:5.12,129.1290322580645,13.432608219538178,102.0,151.0,0.3742793452355169
Schwefel-1.2-lb:-100-up:100,88826.49075667144,9369.769172649254,61046.54605036347,114528.67272108381,3.795231734552691
Ackley-lb:-32.768-up:32.768,19.83712194528975,0.2846100231417167,18.87482398454485,20.18727592134367,0.44089969511955013
Griewank-lb:-600-up:600,789.0269345323491,43.71689468845803,700.8026585931497,845.6480645094712,0.526881379465903
Rastrigin-lb:-5.12-up:5.12,516.9529020513064,34.51883715824237,438.18694870500696,562.3058132829256,0.44821060088373
