Problem,Average Fitness,Standard Deviation,Best Fitness,Worst Fitness,Execution Time
Sphere-lb:-5.12-up:5.12,0.13585666726014892,0.006353195821598639,0.12777168288743007,0.14329318603612673,0.8072647253672282
Step-lb:-5.12-up:5.12,379.6666666666667,60.6043636126054,309.0,457.0,0.8463043371836344
Schwefel-1.2-lb:-100-up:100,3.082598192637047,0.6677174891266224,2.3434942255261624,3.9611334394527424,8.309109052022299
Ackley-lb:-32.768-up:32.768,19.574668382238713,0.18044299599526922,19.34731367365151,19.788704540670487,1.0926256974538167
Griewank-lb:-600-up:600,366.66631577715975,120.01610892082849,228.88936547458928,521.3972837553458,1.3006412982940674
Rastrigin-lb:-5.12-up:5.12,440.7979847564627,74.55881855500172,352.28911736601054,534.6826655941423,1.0369086265563965
