Problem,Average Fitness,Standard Deviation,Best Fitness,Worst Fitness,Execution Time
Sphere-lb:-5.12-up:5.12,64.28129871638673,6.958804113729793,51.13489407850425,79.59001054960555,0.040800402241368446
