Problem,Average Fitness,Standard Deviation,Best Fitness,Worst Fitness,Execution Time
Sphere-lb:-5.12-up:5.12,0.21189449398209967,0.028283914433192024,0.14911118056772674,0.2625434470823699,0.0832590518459197
