Problem                     ,Average Fitness        ,Standard Deviation     ,Best Fitness           ,Worst Fitness          ,Execution Time
Sphere-lb:-5.12-up:5.12     ,   217.02846165614577  ,   14.736132376639654  ,   184.00506849164827  ,   241.2727975631223   , 0.9392743341384395
Step-lb:-5.12-up:5.12       ,   259.7741935483871   ,   14.597193007714685  ,   231.0               ,   289.0               , 1.002072488107989
Schwefel-1.2-lb:-100-up:100 ,190831.3462114436      ,38010.41408341196      ,120753.89437791177     ,273611.51505991025     ,10.352492255549278
Ackley-lb:-32.768-up:32.768 ,    19.938111508558983 ,    0.1064971820700984 ,    19.613286773609858 ,    20.075143405916894 , 1.425100980266448
Griewank-lb:-600-up:600     ,   980.7570701393739   ,   50.071966769921715  ,   834.8256943590102   ,  1073.4896874445749   , 1.602300351665866
Rastrigin-lb:-5.12-up:5.12  ,   473.04959554227725  ,   17.280165753874428  ,   433.8124202426428   ,   500.42535078286664  , 1.2650138870362313
