Problem,Average Fitness,Standard Deviation,Best Fitness,Worst Fitness,Execution Time
Sphere-lb:-5.12-up:5.12,0.08363760647316826,0.012190528799073976,0.053752531550599406,0.10257386948726903,0.08528897070115612
Step-lb:-5.12-up:5.12,401.51612903225805,51.663221439741235,289.0,504.0,0.08563171663591938
Schwefel-1.2-lb:-100-up:100,483884.9112346602,595936.0310237765,54827.71664000369,2926828.0907059563,0.9257574465966993
Ackley-lb:-32.768-up:32.768,19.608319133576245,0.1324189426647154,19.292027000658923,19.835275982543077,0.11191896469362321
Griewank-lb:-600-up:600,1367.3476776279495,176.33907899935005,963.3848780789286,1712.575584586329,0.13140216181355138
Rastrigin-lb:-5.12-up:5.12,441.6391174075598,53.56490550857623,313.00240252400647,527.2742776101823,0.11226890933129095
