Problem,Average Fitness,Standard Deviation,Best Fitness,Worst Fitness,Execution Time
Sphere-lb:-5.12-up:5.12,101.69756401242738,10.398990170946442,84.13414469554857,119.7906660196669,0.36372644670547977
Step-lb:-5.12-up:5.12,132.06451612903226,13.720564936810135,95.0,158.0,0.4063586111991636
Schwefel-1.2-lb:-100-up:100,89194.14719722081,11757.415808959366,68913.63840663756,112730.36530621642,3.8387983768217024
Ackley-lb:-32.768-up:32.768,20.108825945894544,0.23442071777282317,19.15208375561883,20.380455110701977,0.46545936984400593
Griewank-lb:-600-up:600,914.2173917770024,46.8951201394498,755.5107872745441,1024.8386127718775,0.5418167037348594
Rastrigin-lb:-5.12-up:5.12,556.5072194539817,30.88087393361697,458.60200155836753,608.6752228845085,30.325188875198364
