Problem,Average Fitness,Standard Deviation,Best Fitness,Worst Fitness,Execution Time
Sphere-lb:-5.12-up:5.12,0.21189449398209967,0.028283914433192024,0.14911118056772674,0.2625434470823699,0.08191419416858305
Step-lb:-5.12-up:5.12,401.3225806451613,51.98100589624475,289.0,504.0,0.08725237846374512
Schwefel-1.2-lb:-100-up:100,258092.43599613462,250920.5625549114,44411.64367949046,1135271.0076972705,0.8879319852398287
Ackley-lb:-32.768-up:32.768,19.738158914598486,0.13506240539158934,19.391041258603245,20.020313993871635,0.11365743606321273
Griewank-lb:-600-up:600,1333.9691541130237,173.9600790526443,935.2842172651467,1675.1241495566574,0.13068226075941516
Rastrigin-lb:-5.12-up:5.12,465.8974858839491,51.59682314134394,341.5977016030406,553.776994925021,0.10293208399126606
