Problem,Average Fitness,Standard Deviation,Best Fitness,Worst Fitness,Execution Time
Sphere-lb:-5.12-up:5.12,3.1757781406369467,0.741245369198269,1.5188779250811886,4.745719185509361,0.3481558522870464
Step-lb:-5.12-up:5.12,43.32258064516129,5.232572282836546,30.0,54.0,0.3907237668191233
Schwefel-1.2-lb:-100-up:100,25102.12312481478,2531.5662771586112,18749.140759039383,30177.150852676597,3.8021481883141304
Ackley-lb:-32.768-up:32.768,17.87178787896398,2.30036433271953,12.386180880780959,19.716504286299067,0.45991666086258426
Griewank-lb:-600-up:600,372.6196672988454,61.03517864418947,195.75590796926963,497.0009457131297,0.5443038017519058
Rastrigin-lb:-5.12-up:5.12,417.3750886230493,44.74312797296094,314.7890144623987,486.0190098376595,0.46420894899675924
