Problem,Average Fitness,Standard Deviation,Best Fitness,Worst Fitness,Execution Time
Sphere-lb:-5.12-up:5.12,244.8286908316814,20.023164564418323,210.26561034743264,288.06516232428953,0.08892860720234533
