Problem,Average Fitness,Standard Deviation,Best Fitness,Worst Fitness,Execution Time
Sphere-lb:-5.12-up:5.12,100.70730122459956,11.34784228197568,76.93646522142173,119.37048851887539,0.35294462019397366
Step-lb:-5.12-up:5.12,137.41935483870967,11.05929529793796,104.0,156.0,0.39314511514479117
Schwefel-1.2-lb:-100-up:100,88810.11230443144,11379.056216265672,68240.83766675454,108437.15488670292,21.200086324445664
Ackley-lb:-32.768-up:32.768,20.127736880633968,0.24429933481955338,19.142630729554053,20.38412084570845,0.4556464918198124
Griewank-lb:-600-up:600,913.476109926119,46.8910280981101,754.7135806714215,1023.9130052924035,0.5383993733313776
Rastrigin-lb:-5.12-up:5.12,556.3064267507918,30.193876455676946,458.4760990463878,596.7268506327864,0.46597343875515845
