Problem,Average Fitness,Standard Deviation,Best Fitness,Worst Fitness,Execution Time
Sphere-lb:-5.12-up:5.12,7.633969193008362,3.1765948377047417,3.6839493159488343,18.885132986755373,13.65746021270752
Step-lb:-5.12-up:5.12,61.516129032258064,20.10756713238453,25.0,114.0,14.555487394332886
Schwefel-1.2-lb:-100-up:100,2119.821985410129,575.4082439134186,1060.9262581602104,3345.1700417602,119.4978814125061
Ackley-lb:-32.768-up:32.768,20.692720475600737,0.11242829396429173,20.458916976161845,20.864934819011637,17.45145893096924
Griewank-lb:-600-up:600,1456.0912789348415,181.71673336348263,1048.257282613025,1817.215666981053,19.573957920074463
Rastrigin-lb:-5.12-up:5.12,299.78561812517927,38.852825989836376,227.8741242309148,370.159465553695,16.90832805633545
