Problem,Average Fitness,Standard Deviation,Best Fitness,Worst Fitness,Execution Time
Sphere-lb:-5.12-up:5.12,0.698207462724265,0.13477469442994733,0.445106067930985,0.9115975981671112,0.08482143186753796
Step-lb:-5.12-up:5.12,215.58064516129033,77.40583215234282,85.0,366.0,0.0863723216518279
Schwefel-1.2-lb:-100-up:100,90553.50937818698,52799.63125497753,28454.774338115792,251920.905395269,0.8480047410534274
Ackley-lb:-32.768-up:32.768,19.531777202089277,0.1282812965088708,19.216614439506277,19.71228158939815,0.11004699430158062
Griewank-lb:-600-up:600,1242.3187123553198,169.33694748247675,856.3142840716774,1567.479729236688,0.13328036954326014
Rastrigin-lb:-5.12-up:5.12,427.5997913332322,51.06520097066286,313.482437702344,517.6035094391691,0.10602010450055523
