Problem,Average Fitness,Standard Deviation,Best Fitness,Worst Fitness,Execution Time
Sphere-lb:-5.12-up:5.12,159.84405326822036,10.933335962918742,131.8609314140612,179.3444542723448,0.043201046605263985
