Problem,Average Fitness,Standard Deviation,Best Fitness,Worst Fitness,Execution Time
Sphere-lb:-5.12-up:5.12,200.1767585912712,33.97200857352742,128.64695069142587,287.9875090604131,0.10363921811503748
